nombre,apellido,telefono,comentario
Ana,Lopez,3688881741,Me sentí bien atendido durante todo el proceso.
Carolina,Salazar,3837995775,"No tuve inconvenientes, todo fue ágil."
Juan,Perez,3183461154,Todo estuvo bien durante mi visita.
Sebastian,Suarez,3425725035,Todo estuvo bien durante mi visita.
Laura,Hernandez,3228296102,"No tuve inconvenientes, todo fue ágil."
Juan,Perez,3106811328,Todo estuvo bien durante mi visita.
Natalia,Ortega,3549976514,La información brindada fue suficiente.
Ana,Lopez,3306125659,La información brindada fue suficiente.
Jorge,Mendoza,3726660039,El tiempo de respuesta fue adecuado.
Sofia,Ramirez,3868804984,La atención cumplió con mis expectativas.
Diego,Castro,3689295691,El proceso fue sencillo y fácil de entender.
Oscar,Fuentes,3648153665,La información brindada fue suficiente.
Sofia,Ramirez,3717534326,La atención fue buena y el proceso fue rápido.
Lucia,Pineda,3385176528,El servicio fue claro y eficiente.
Carlos,Ruiz,3833665534,El servicio fue claro y eficiente.
Sebastian,Suarez,3237714682,La información brindada fue suficiente.
Juan,Perez,3236475601,Me sentí bien atendido durante todo el proceso.
Valentina,Rojas,3563044584,El personal fue amable y resolvió mis dudas.
Andres,Torres,3810784904,La atención cumplió con mis expectativas.
Tatiana,León,3527608567,"No tuve inconvenientes, todo fue ágil."
Laura,Hernandez,3760414216,El tiempo de respuesta fue adecuado.
Ana,Lopez,3936520214,El personal fue amable y resolvió mis dudas.
Carlos,Ruiz,3600076107,El servicio fue claro y eficiente.
Jorge,Mendoza,3831300114,La información brindada fue suficiente.
Luis,Martinez,3217436228,La atención fue buena y el proceso fue rápido.
Felipe,Rico,3326656500,El proceso fue sencillo y fácil de entender.
Ricardo,Navarro,3122929796,El servicio fue claro y eficiente.
Oscar,Fuentes,3523281869,El personal fue amable y resolvió mis dudas.
Luis,Martinez,3146122624,Me sentí bien atendido durante todo el proceso.
Felipe,Rico,3451884559,Me sentí bien atendido durante todo el proceso.
Laura,Hernandez,3989997761,Me sentí bien atendido durante todo el proceso.
Miguel,Vargas,3214476940,El tiempo de respuesta fue adecuado.
Camilo,Moreno,3804887324,La información brindada fue suficiente.
Valentina,Rojas,3232738655,El personal fue amable y resolvió mis dudas.
Juan,Perez,3841582558,La atención fue buena y el proceso fue rápido.
Camilo,Moreno,3999034240,La información brindada fue suficiente.
Oscar,Fuentes,3313817109,El proceso fue sencillo y fácil de entender.
Valentina,Rojas,3505969587,La información brindada fue suficiente.
Tatiana,León,3652039012,Todo estuvo bien durante mi visita.
Maria,Gomez,3914746493,El tiempo de respuesta fue adecuado.
Ana,Lopez,3530454894,La información brindada fue suficiente.
Andres,Torres,3347875684,Buena experiencia en general.
Jorge,Mendoza,3641932954,Me sentí bien atendido durante todo el proceso.
Jorge,Mendoza,3178310921,La atención cumplió con mis expectativas.
Ana,Lopez,3344745650,El proceso fue sencillo y fácil de entender.
Miguel,Vargas,3608841599,El proceso fue sencillo y fácil de entender.
Laura,Hernandez,3884038434,La experiencia fue satisfactoria en general.
Lucia,Pineda,3380305139,La experiencia fue satisfactoria en general.
Jorge,Mendoza,3290088371,"No tuve inconvenientes, todo fue ágil."
Tatiana,León,3379087953,La atención cumplió con mis expectativas.
Lucia,Pineda,3297829471,La atención fue buena y el proceso fue rápido.
Juan,Perez,3846867178,La atención fue buena y el proceso fue rápido.
Jorge,Mendoza,3200751389,Todo estuvo bien durante mi visita.
Juan,Perez,3628395850,La información brindada fue suficiente.
Natalia,Ortega,3503750588,La atención fue buena y el proceso fue rápido.
Sebastian,Suarez,3293464616,Buena experiencia en general.
Sofia,Ramirez,3556687064,El servicio fue claro y eficiente.
Oscar,Fuentes,3512764798,El servicio fue claro y eficiente.
Luis,Martinez,3864867401,El servicio fue claro y eficiente.
Miguel,Vargas,3693075956,"No tuve inconvenientes, todo fue ágil."
Paula,Diaz,3181955196,Me sentí bien atendido durante todo el proceso.
Diego,Castro,3933727690,Todo estuvo bien durante mi visita.
Tatiana,León,3617799702,La experiencia fue satisfactoria en general.
Juan,Perez,3702184763,Me sentí bien atendido durante todo el proceso.
Maria,Gomez,3232773215,La información brindada fue suficiente.
Sofia,Ramirez,3437405283,"No tuve inconvenientes, todo fue ágil."
Oscar,Fuentes,3867602426,La experiencia fue satisfactoria en general.
Laura,Hernandez,3852998121,Buena experiencia en general.
Camilo,Moreno,3466355057,La información brindada fue suficiente.
Carlos,Ruiz,3581451623,La información brindada fue suficiente.
Jorge,Mendoza,3360180189,Me sentí bien atendido durante todo el proceso.
Tatiana,León,3236928272,"No tuve inconvenientes, todo fue ágil."
Sofia,Ramirez,3777064567,La atención cumplió con mis expectativas.
Tatiana,León,3233226511,La experiencia fue satisfactoria en general.
Andres,Torres,3380932140,El proceso fue sencillo y fácil de entender.
Ricardo,Navarro,3722440436,La experiencia fue satisfactoria en general.
Juan,Perez,3632338201,La experiencia fue satisfactoria en general.
Sebastian,Suarez,3728745047,La experiencia fue satisfactoria en general.
Juliana,Mejia,3386614754,El tiempo de respuesta fue adecuado.
Natalia,Ortega,3403086339,El personal fue amable y resolvió mis dudas.
Tatiana,León,3624645816,Todo estuvo bien durante mi visita.
Andres,Torres,3168638983,La información brindada fue suficiente.
Miguel,Vargas,3969803598,Me sentí bien atendido durante todo el proceso.
Ricardo,Navarro,3481326849,El servicio fue claro y eficiente.
Miguel,Vargas,3936639399,El servicio fue claro y eficiente.
Carlos,Ruiz,3282756299,Buena experiencia en general.
Maria,Gomez,3659729325,La experiencia fue satisfactoria en general.
Diego,Castro,3827038208,La información brindada fue suficiente.
Juan,Perez,3799362190,El proceso fue sencillo y fácil de entender.
Jorge,Mendoza,3796465694,Todo estuvo bien durante mi visita.
Daniela,Cortes,3214627282,Buena experiencia en general.
Ricardo,Navarro,3644845538,La experiencia fue satisfactoria en general.
Ricardo,Navarro,3501934021,"No tuve inconvenientes, todo fue ágil."
Lucia,Pineda,3778101221,El servicio fue claro y eficiente.
Laura,Hernandez,3179518470,"No tuve inconvenientes, todo fue ágil."
Lucia,Pineda,3634688826,Buena experiencia en general.
Jorge,Mendoza,3280689716,El personal fue amable y resolvió mis dudas.
Valentina,Rojas,3760320888,La atención cumplió con mis expectativas.
Maria,Gomez,3707956837,Todo estuvo bien durante mi visita.
Laura,Hernandez,3344725741,La información brindada fue suficiente.
Natalia,Ortega,3207055603,Todo estuvo bien durante mi visita.
Lucia,Pineda,3359677943,Me sentí bien atendido durante todo el proceso.
Sebastian,Suarez,3954721145,Buena experiencia en general.
Natalia,Ortega,3987877507,El proceso fue sencillo y fácil de entender.
Laura,Hernandez,3268156510,La atención fue buena y el proceso fue rápido.
Carolina,Salazar,3822870933,El servicio fue claro y eficiente.
Carlos,Ruiz,3555404825,El proceso fue sencillo y fácil de entender.
Maria,Gomez,3725211561,El personal fue amable y resolvió mis dudas.
Maria,Gomez,3806599250,La información brindada fue suficiente.
Carolina,Salazar,3200796294,El proceso fue sencillo y fácil de entender.
Miguel,Vargas,3204087628,La atención fue buena y el proceso fue rápido.
Sofia,Ramirez,3450482932,La atención cumplió con mis expectativas.
Juliana,Mejia,3304463653,Todo estuvo bien durante mi visita.
Juan,Perez,3146226046,El servicio fue claro y eficiente.
Ricardo,Navarro,3433868964,El tiempo de respuesta fue adecuado.
Diego,Castro,3415710227,Todo estuvo bien durante mi visita.
Daniela,Cortes,3399314638,Buena experiencia en general.
Tatiana,León,3738878566,La información brindada fue suficiente.
Camilo,Moreno,3488818063,El servicio fue claro y eficiente.
Lucia,Pineda,3279618532,Buena experiencia en general.
Felipe,Rico,3300104056,Buena experiencia en general.
Ana,Lopez,3178146328,El personal fue amable y resolvió mis dudas.
Diego,Castro,3213161227,El personal fue amable y resolvió mis dudas.
Carolina,Salazar,3164516316,Buena experiencia en general.
Andres,Torres,3267961524,La información brindada fue suficiente.
Oscar,Fuentes,3926715894,La atención cumplió con mis expectativas.
Tatiana,León,3802599109,Todo estuvo bien durante mi visita.
Sebastian,Suarez,3741090767,El tiempo de respuesta fue adecuado.
Maria,Gomez,3286771150,Me sentí bien atendido durante todo el proceso.
Juan,Perez,3753925754,Buena experiencia en general.
Ricardo,Navarro,3722118033,La atención fue buena y el proceso fue rápido.
Natalia,Ortega,3831633452,La experiencia fue satisfactoria en general.
Ana,Lopez,3379357445,La información brindada fue suficiente.
Miguel,Vargas,3675188727,La atención cumplió con mis expectativas.
Sofia,Ramirez,3746673963,El tiempo de respuesta fue adecuado.
Maria,Gomez,3446764925,El tiempo de respuesta fue adecuado.
Laura,Hernandez,3779505364,El proceso fue sencillo y fácil de entender.
Luis,Martinez,3643042200,Todo estuvo bien durante mi visita.
Juan,Perez,3176046615,El tiempo de respuesta fue adecuado.
Diego,Castro,3643438878,La experiencia fue satisfactoria en general.
Daniela,Cortes,3503511561,El tiempo de respuesta fue adecuado.
Jorge,Mendoza,3199444575,La experiencia fue satisfactoria en general.
Natalia,Ortega,3119768685,La información brindada fue suficiente.
Juliana,Mejia,3593558748,El tiempo de respuesta fue adecuado.
Sofia,Ramirez,3787335731,"No tuve inconvenientes, todo fue ágil."
Juan,Perez,3582992818,El proceso fue sencillo y fácil de entender.
Valentina,Rojas,3134373180,El personal fue amable y resolvió mis dudas.
Lucia,Pineda,3910084320,El servicio fue claro y eficiente.
Diego,Castro,3226865478,Me sentí bien atendido durante todo el proceso.
Juliana,Mejia,3964355047,La experiencia fue satisfactoria en general.
Juliana,Mejia,3368392511,Me sentí bien atendido durante todo el proceso.
Luis,Martinez,3301090936,El tiempo de respuesta fue adecuado.
Andres,Torres,3399622037,La información brindada fue suficiente.
Miguel,Vargas,3754846802,Me sentí bien atendido durante todo el proceso.
Camilo,Moreno,3938691406,"No tuve inconvenientes, todo fue ágil."
Daniela,Cortes,3181180155,El servicio fue claro y eficiente.
Carolina,Salazar,3128702922,La información brindada fue suficiente.
Valentina,Rojas,3143476176,Todo estuvo bien durante mi visita.
Camilo,Moreno,3884482414,Buena experiencia en general.
Carlos,Ruiz,3378932535,La experiencia fue satisfactoria en general.
Diego,Castro,3427805710,La atención cumplió con mis expectativas.
Luis,Martinez,3311002800,La atención fue buena y el proceso fue rápido.
Felipe,Rico,3300280187,La información brindada fue suficiente.
Jorge,Mendoza,3484691641,Todo estuvo bien durante mi visita.
Daniela,Cortes,3909073103,La experiencia fue satisfactoria en general.
Jorge,Mendoza,3178586283,La atención fue buena y el proceso fue rápido.
Sebastian,Suarez,3113017080,El proceso fue sencillo y fácil de entender.
Paula,Diaz,3262742141,El tiempo de respuesta fue adecuado.
Daniela,Cortes,3656919807,La información brindada fue suficiente.
Juan,Perez,3365867692,El personal fue amable y resolvió mis dudas.
Ricardo,Navarro,3276320637,El proceso fue sencillo y fácil de entender.
Laura,Hernandez,3636570510,El proceso fue sencillo y fácil de entender.
Camilo,Moreno,3588296142,Todo estuvo bien durante mi visita.
Felipe,Rico,3932794406,Buena experiencia en general.
Lucia,Pineda,3840486486,La atención fue buena y el proceso fue rápido.
Juan,Perez,3743559508,La atención cumplió con mis expectativas.
Carolina,Salazar,3551073625,La atención fue buena y el proceso fue rápido.
Andres,Torres,3640020771,El personal fue amable y resolvió mis dudas.
Sofia,Ramirez,3509669585,Me sentí bien atendido durante todo el proceso.
Juliana,Mejia,3815155701,La información brindada fue suficiente.
Lucia,Pineda,3524677339,La experiencia fue satisfactoria en general.
Juan,Perez,3269108828,Me sentí bien atendido durante todo el proceso.
Ricardo,Navarro,3462101076,El tiempo de respuesta fue adecuado.
Jorge,Mendoza,3188030293,La atención cumplió con mis expectativas.
Juan,Perez,3989497413,El servicio fue claro y eficiente.
Tatiana,León,3140264386,Me sentí bien atendido durante todo el proceso.
Andres,Torres,3416760015,"No tuve inconvenientes, todo fue ágil."
Lucia,Pineda,3591921615,El proceso fue sencillo y fácil de entender.
Miguel,Vargas,3984713780,El proceso fue sencillo y fácil de entender.
Sebastian,Suarez,3889432051,Me sentí bien atendido durante todo el proceso.
Carlos,Ruiz,3706126477,La información brindada fue suficiente.
Andres,Torres,3707444250,Buena experiencia en general.
Felipe,Rico,3504649552,El tiempo de respuesta fue adecuado.
Carolina,Salazar,3491119813,El personal fue amable y resolvió mis dudas.
Luis,Martinez,3670583315,Buena experiencia en general.
Luis,Martinez,3697285160,La atención cumplió con mis expectativas.
Sebastian,Suarez,3203819670,La atención fue buena y el proceso fue rápido.
Oscar,Fuentes,3169533183,El servicio fue claro y eficiente.
Ana,Lopez,3983694195,El servicio fue claro y eficiente.
Juliana,Mejia,3522209019,La atención cumplió con mis expectativas.
Felipe,Rico,3406754941,El personal fue amable y resolvió mis dudas.
Diego,Castro,3886817840,El tiempo de respuesta fue adecuado.
Maria,Gomez,3829905530,La experiencia fue satisfactoria en general.
Andres,Torres,3342304427,El tiempo de respuesta fue adecuado.
Valentina,Rojas,3526146309,El tiempo de respuesta fue adecuado.
Oscar,Fuentes,3320964858,La atención cumplió con mis expectativas.
Juan,Perez,3348016150,La atención fue buena y el proceso fue rápido.
Miguel,Vargas,3494251890,Todo estuvo bien durante mi visita.
Valentina,Rojas,3543293186,Me sentí bien atendido durante todo el proceso.
Oscar,Fuentes,3554541416,Todo estuvo bien durante mi visita.
Carolina,Salazar,3491324818,La atención cumplió con mis expectativas.
Daniela,Cortes,3597981568,El proceso fue sencillo y fácil de entender.
Ana,Lopez,3131703940,La atención fue buena y el proceso fue rápido.
Ricardo,Navarro,3498487905,"No tuve inconvenientes, todo fue ágil."
Ana,Lopez,3739694817,La atención fue buena y el proceso fue rápido.
Juan,Perez,3666575915,La información brindada fue suficiente.
Ana,Lopez,3248344788,La experiencia fue satisfactoria en general.
Natalia,Ortega,3194549759,La experiencia fue satisfactoria en general.
Juan,Perez,3585737018,El servicio fue claro y eficiente.
Daniela,Cortes,3545929797,Buena experiencia en general.
Paula,Diaz,3627252723,El proceso fue sencillo y fácil de entender.
Carolina,Salazar,3173929020,"No tuve inconvenientes, todo fue ágil."
Juan,Perez,3771020761,La atención cumplió con mis expectativas.
Miguel,Vargas,3886934672,La atención fue buena y el proceso fue rápido.
Miguel,Vargas,3387577864,El tiempo de respuesta fue adecuado.
Oscar,Fuentes,3975256657,"No tuve inconvenientes, todo fue ágil."
Ricardo,Navarro,3876689021,Me sentí bien atendido durante todo el proceso.
Ana,Lopez,3596670250,El proceso fue sencillo y fácil de entender.
Paula,Diaz,3812326603,El servicio fue claro y eficiente.
Natalia,Ortega,3149927359,La atención cumplió con mis expectativas.
Camilo,Moreno,3312857977,El servicio fue claro y eficiente.
Oscar,Fuentes,3213655844,La atención fue buena y el proceso fue rápido.
Jorge,Mendoza,3729965977,El servicio fue claro y eficiente.
Andres,Torres,3973274449,El personal fue amable y resolvió mis dudas.
Juliana,Mejia,3258906948,Me sentí bien atendido durante todo el proceso.
Luis,Martinez,3900910426,El proceso fue sencillo y fácil de entender.
Camilo,Moreno,3425836068,Buena experiencia en general.
Valentina,Rojas,3162156602,Buena experiencia en general.
Sebastian,Suarez,3949674847,"No tuve inconvenientes, todo fue ágil."
Carlos,Ruiz,3717414425,El proceso fue sencillo y fácil de entender.
Diego,Castro,3691007522,Buena experiencia en general.
Miguel,Vargas,3860850780,La experiencia fue satisfactoria en general.
Natalia,Ortega,3289758706,La atención fue buena y el proceso fue rápido.
Sebastian,Suarez,3983320849,Todo estuvo bien durante mi visita.
Laura,Hernandez,3113282947,Todo estuvo bien durante mi visita.
Carolina,Salazar,3694812896,El personal fue amable y resolvió mis dudas.
Natalia,Ortega,3709918325,El proceso fue sencillo y fácil de entender.
Laura,Hernandez,3184434565,El proceso fue sencillo y fácil de entender.
Ricardo,Navarro,3421173376,La atención cumplió con mis expectativas.
Carlos,Ruiz,3365158843,La experiencia fue satisfactoria en general.
Ricardo,Navarro,3974465985,Todo estuvo bien durante mi visita.
Carlos,Ruiz,3238193307,El personal fue amable y resolvió mis dudas.
Jorge,Mendoza,3486384292,"No tuve inconvenientes, todo fue ágil."
Andres,Torres,3546688771,El personal fue amable y resolvió mis dudas.
Paula,Diaz,3490149501,La información brindada fue suficiente.
Carolina,Salazar,3976657068,El servicio fue claro y eficiente.
Maria,Gomez,3881243031,Me sentí bien atendido durante todo el proceso.
Ana,Lopez,3452186555,El personal fue amable y resolvió mis dudas.
Oscar,Fuentes,3108299022,"No tuve inconvenientes, todo fue ágil."
Sebastian,Suarez,3907369824,Me sentí bien atendido durante todo el proceso.
Felipe,Rico,3940216081,La información brindada fue suficiente.
Camilo,Moreno,3878029282,La experiencia fue satisfactoria en general.
Valentina,Rojas,3670898480,La información brindada fue suficiente.
Daniela,Cortes,3479821743,Todo estuvo bien durante mi visita.
Diego,Castro,3992580610,La atención fue buena y el proceso fue rápido.
Ana,Lopez,3367270159,Me sentí bien atendido durante todo el proceso.
Felipe,Rico,3908358548,La atención cumplió con mis expectativas.
Ricardo,Navarro,3582601459,La atención cumplió con mis expectativas.
Maria,Gomez,3134152870,La atención cumplió con mis expectativas.
Miguel,Vargas,3934730398,Buena experiencia en general.
Jorge,Mendoza,3662259754,La experiencia fue satisfactoria en general.
Natalia,Ortega,3798058565,El servicio fue claro y eficiente.
Sebastian,Suarez,3953445689,El proceso fue sencillo y fácil de entender.
Jorge,Mendoza,3524450343,El personal fue amable y resolvió mis dudas.
Felipe,Rico,3358382917,Todo estuvo bien durante mi visita.
Paula,Diaz,3245880012,La información brindada fue suficiente.
Paula,Diaz,3203369998,El proceso fue sencillo y fácil de entender.
Carolina,Salazar,3169342118,El proceso fue sencillo y fácil de entender.
Juliana,Mejia,3581768611,Buena experiencia en general.
Ricardo,Navarro,3507298863,La atención cumplió con mis expectativas.
Paula,Diaz,3236511454,El proceso fue sencillo y fácil de entender.
Natalia,Ortega,3351709074,La atención fue buena y el proceso fue rápido.
Diego,Castro,3436321525,Buena experiencia en general.
Carlos,Ruiz,3779949723,El personal fue amable y resolvió mis dudas.
Laura,Hernandez,3580946049,El proceso fue sencillo y fácil de entender.
Natalia,Ortega,3841578671,Me sentí bien atendido durante todo el proceso.
Sofia,Ramirez,3375301479,El servicio fue claro y eficiente.
Maria,Gomez,3828621678,"No tuve inconvenientes, todo fue ágil."
Ricardo,Navarro,3776567409,Me sentí bien atendido durante todo el proceso.
Carlos,Ruiz,3918724163,Buena experiencia en general.
Andres,Torres,3192437277,El proceso fue sencillo y fácil de entender.
Carolina,Salazar,3807271184,Me sentí bien atendido durante todo el proceso.
Maria,Gomez,3768985884,La atención fue buena y el proceso fue rápido.
Diego,Castro,3873296392,"No tuve inconvenientes, todo fue ágil."
Miguel,Vargas,3428425478,El tiempo de respuesta fue adecuado.
Ricardo,Navarro,3153771660,El proceso fue sencillo y fácil de entender.
Paula,Diaz,3443520533,Todo estuvo bien durante mi visita.
Valentina,Rojas,3391752587,"No tuve inconvenientes, todo fue ágil."
Maria,Gomez,3991544209,Buena experiencia en general.
Lucia,Pineda,3523569977,La información brindada fue suficiente.
Laura,Hernandez,3188117404,Me sentí bien atendido durante todo el proceso.
Camilo,Moreno,3780451395,El servicio fue claro y eficiente.
Maria,Gomez,3158193511,Buena experiencia en general.
Ricardo,Navarro,3687252432,El personal fue amable y resolvió mis dudas.
Andres,Torres,3892803367,Me sentí bien atendido durante todo el proceso.
Maria,Gomez,3191192393,La información brindada fue suficiente.
Luis,Martinez,3589781299,La información brindada fue suficiente.
Juliana,Mejia,3618634255,El servicio fue claro y eficiente.
Valentina,Rojas,3442168424,La atención fue buena y el proceso fue rápido.
Maria,Gomez,3240512992,La información brindada fue suficiente.
Daniela,Cortes,3902571085,La atención cumplió con mis expectativas.
Juan,Perez,3769663057,El personal fue amable y resolvió mis dudas.
Sebastian,Suarez,3799787536,El servicio fue claro y eficiente.
Valentina,Rojas,3317156400,La experiencia fue satisfactoria en general.
Juliana,Mejia,3357846230,Me sentí bien atendido durante todo el proceso.
Carlos,Ruiz,3750694805,El personal fue amable y resolvió mis dudas.
Carolina,Salazar,3652743108,El proceso fue sencillo y fácil de entender.
Oscar,Fuentes,3112367574,Me sentí bien atendido durante todo el proceso.
Carlos,Ruiz,3812052115,Buena experiencia en general.
Tatiana,León,3229310540,La atención cumplió con mis expectativas.
Carlos,Ruiz,3352046581,La atención fue buena y el proceso fue rápido.
Jorge,Mendoza,3794133246,Buena experiencia en general.
Laura,Hernandez,3463485067,La información brindada fue suficiente.
Daniela,Cortes,3237946387,Me sentí bien atendido durante todo el proceso.
Ana,Lopez,3504516987,Me sentí bien atendido durante todo el proceso.
Lucia,Pineda,3777764295,Buena experiencia en general.
Maria,Gomez,3488838685,La atención fue buena y el proceso fue rápido.
Juan,Perez,3264572006,La atención cumplió con mis expectativas.
Sebastian,Suarez,3473291298,"No tuve inconvenientes, todo fue ágil."
Sebastian,Suarez,3345412109,La información brindada fue suficiente.
Lucia,Pineda,3752882693,Me sentí bien atendido durante todo el proceso.
Miguel,Vargas,3641198254,Todo estuvo bien durante mi visita.
Ricardo,Navarro,3956967682,La atención fue buena y el proceso fue rápido.
Miguel,Vargas,3273507131,La experiencia fue satisfactoria en general.
Andres,Torres,3322976573,El tiempo de respuesta fue adecuado.
Miguel,Vargas,3297073337,La atención cumplió con mis expectativas.
Laura,Hernandez,3911719399,Me sentí bien atendido durante todo el proceso.
Miguel,Vargas,3378013248,El proceso fue sencillo y fácil de entender.
Juliana,Mejia,3900155740,La información brindada fue suficiente.
Daniela,Cortes,3366432050,El servicio fue claro y eficiente.
Andres,Torres,3624934640,La información brindada fue suficiente.
Ricardo,Navarro,3305673553,Buena experiencia en general.
Ana,Lopez,3505900193,El proceso fue sencillo y fácil de entender.
Ricardo,Navarro,3711919772,"No tuve inconvenientes, todo fue ágil."
Laura,Hernandez,3384413958,El proceso fue sencillo y fácil de entender.
Paula,Diaz,3760162795,La atención cumplió con mis expectativas.
Jorge,Mendoza,3315924201,El servicio fue claro y eficiente.
Tatiana,León,3389532214,El tiempo de respuesta fue adecuado.
Ricardo,Navarro,3216808969,Me sentí bien atendido durante todo el proceso.
Tatiana,León,3638893306,"No tuve inconvenientes, todo fue ágil."
Tatiana,León,3529241383,La información brindada fue suficiente.
Paula,Diaz,3498937234,"No tuve inconvenientes, todo fue ágil."
Sebastian,Suarez,3105848473,La información brindada fue suficiente.
Lucia,Pineda,3778694472,La experiencia fue satisfactoria en general.
Diego,Castro,3283540678,La atención fue buena y el proceso fue rápido.
Laura,Hernandez,3898326018,El proceso fue sencillo y fácil de entender.
Valentina,Rojas,3944595464,El servicio fue claro y eficiente.
Maria,Gomez,3354769528,El proceso fue sencillo y fácil de entender.
Sebastian,Suarez,3297744566,El servicio fue claro y eficiente.
Tatiana,León,3793411375,La experiencia fue satisfactoria en general.
Valentina,Rojas,3143615220,Todo estuvo bien durante mi visita.
Diego,Castro,3483831890,La atención cumplió con mis expectativas.
Lucia,Pineda,3348477651,La atención cumplió con mis expectativas.
Maria,Gomez,3257916670,La experiencia fue satisfactoria en general.
Laura,Hernandez,3553865860,El personal fue amable y resolvió mis dudas.
Sebastian,Suarez,3412971628,Buena experiencia en general.
Natalia,Ortega,3553077978,El servicio fue claro y eficiente.
Paula,Diaz,3599545023,Todo estuvo bien durante mi visita.
Jorge,Mendoza,3607203800,El servicio fue claro y eficiente.
Camilo,Moreno,3950138793,El tiempo de respuesta fue adecuado.
Camilo,Moreno,3575727794,El personal fue amable y resolvió mis dudas.
Diego,Castro,3657478901,La atención cumplió con mis expectativas.
Juan,Perez,3341060771,La atención fue buena y el proceso fue rápido.
Natalia,Ortega,3962140747,Me sentí bien atendido durante todo el proceso.
Laura,Hernandez,3877627491,"No tuve inconvenientes, todo fue ágil."
Ana,Lopez,3600611220,Me sentí bien atendido durante todo el proceso.
Oscar,Fuentes,3370111641,Buena experiencia en general.
Miguel,Vargas,3682008513,El servicio fue claro y eficiente.
Diego,Castro,3852904358,Buena experiencia en general.
Sebastian,Suarez,3435120696,Buena experiencia en general.
Lucia,Pineda,3646160752,Buena experiencia en general.
Lucia,Pineda,3228841775,El servicio fue claro y eficiente.
Luis,Martinez,3803789923,Me sentí bien atendido durante todo el proceso.
Andres,Torres,3512095726,Todo estuvo bien durante mi visita.
Ricardo,Navarro,3350577654,El personal fue amable y resolvió mis dudas.
Diego,Castro,3571360269,El proceso fue sencillo y fácil de entender.
Sofia,Ramirez,3212345927,El proceso fue sencillo y fácil de entender.
Diego,Castro,3213475787,El servicio fue claro y eficiente.
Luis,Martinez,3999283113,El tiempo de respuesta fue adecuado.
Juan,Perez,3773974016,El tiempo de respuesta fue adecuado.
Daniela,Cortes,3531482341,La experiencia fue satisfactoria en general.
Paula,Diaz,3241580892,Todo estuvo bien durante mi visita.
Sofia,Ramirez,3563723069,La experiencia fue satisfactoria en general.
Valentina,Rojas,3585469736,La atención fue buena y el proceso fue rápido.
Luis,Martinez,3686167700,El proceso fue sencillo y fácil de entender.
Oscar,Fuentes,3113128578,La experiencia fue satisfactoria en general.
Luis,Martinez,3832965561,El personal fue amable y resolvió mis dudas.
Camilo,Moreno,3916238460,La experiencia fue satisfactoria en general.
Valentina,Rojas,3890915428,La atención fue buena y el proceso fue rápido.
Felipe,Rico,3610925791,El proceso fue sencillo y fácil de entender.
Camilo,Moreno,3352810619,El tiempo de respuesta fue adecuado.
Valentina,Rojas,3785116763,La atención cumplió con mis expectativas.
Sofia,Ramirez,3131603056,El servicio fue claro y eficiente.
Juliana,Mejia,3101734437,El proceso fue sencillo y fácil de entender.
Daniela,Cortes,3513492127,La experiencia fue satisfactoria en general.
Natalia,Ortega,3951230384,El personal fue amable y resolvió mis dudas.
Carolina,Salazar,3438888724,Buena experiencia en general.
Sofia,Ramirez,3410549777,El servicio fue claro y eficiente.
Ricardo,Navarro,3255908405,Buena experiencia en general.
Lucia,Pineda,3434147232,El proceso fue sencillo y fácil de entender.
Lucia,Pineda,3695408800,Buena experiencia en general.
Jorge,Mendoza,3845706844,El tiempo de respuesta fue adecuado.
Felipe,Rico,3110277133,Todo estuvo bien durante mi visita.
Laura,Hernandez,3328206974,Buena experiencia en general.
Juan,Perez,3735941200,El personal fue amable y resolvió mis dudas.
Paula,Diaz,3488719324,El personal fue amable y resolvió mis dudas.
Valentina,Rojas,3605039521,La atención cumplió con mis expectativas.
Carlos,Ruiz,3755692749,Me sentí bien atendido durante todo el proceso.
Tatiana,León,3527706119,"No tuve inconvenientes, todo fue ágil."
Camilo,Moreno,3748380658,Me sentí bien atendido durante todo el proceso.
Ana,Lopez,3245482493,El personal fue amable y resolvió mis dudas.
Diego,Castro,3854834771,Buena experiencia en general.
Camilo,Moreno,3736167165,La experiencia fue satisfactoria en general.
Paula,Diaz,3225496385,La atención cumplió con mis expectativas.
Ricardo,Navarro,3975785138,Buena experiencia en general.
Andres,Torres,3518572088,El personal fue amable y resolvió mis dudas.
Maria,Gomez,3254334028,La información brindada fue suficiente.
Ricardo,Navarro,3104768735,El tiempo de respuesta fue adecuado.
Miguel,Vargas,3171715656,La atención cumplió con mis expectativas.
Andres,Torres,3758976971,El tiempo de respuesta fue adecuado.
Andres,Torres,3543501743,Todo estuvo bien durante mi visita.
Carolina,Salazar,3772717298,El personal fue amable y resolvió mis dudas.
Carlos,Ruiz,3528942981,Me sentí bien atendido durante todo el proceso.
Juliana,Mejia,3503269403,La atención cumplió con mis expectativas.
Jorge,Mendoza,3558073216,La atención cumplió con mis expectativas.
Maria,Gomez,3139132859,La atención cumplió con mis expectativas.
Ricardo,Navarro,3606408968,Me sentí bien atendido durante todo el proceso.
Juan,Perez,3291509441,"No tuve inconvenientes, todo fue ágil."
Natalia,Ortega,3835312907,El personal fue amable y resolvió mis dudas.
Felipe,Rico,3669024515,El proceso fue sencillo y fácil de entender.
Felipe,Rico,3292904062,La atención fue buena y el proceso fue rápido.
Jorge,Mendoza,3780541284,La información brindada fue suficiente.
Maria,Gomez,3438546385,La atención cumplió con mis expectativas.
Andres,Torres,3906206264,La experiencia fue satisfactoria en general.
Camilo,Moreno,3197698428,La atención fue buena y el proceso fue rápido.
Maria,Gomez,3324683340,El proceso fue sencillo y fácil de entender.
Diego,Castro,3312055147,El personal fue amable y resolvió mis dudas.
Natalia,Ortega,3407084355,La información brindada fue suficiente.
Ricardo,Navarro,3249796952,El tiempo de respuesta fue adecuado.
Daniela,Cortes,3397193948,El tiempo de respuesta fue adecuado.
Andres,Torres,3342555978,Buena experiencia en general.
Oscar,Fuentes,3547458115,Me sentí bien atendido durante todo el proceso.
Camilo,Moreno,3384743786,El personal fue amable y resolvió mis dudas.
Ricardo,Navarro,3965554339,"No tuve inconvenientes, todo fue ágil."
Ricardo,Navarro,3324899358,"No tuve inconvenientes, todo fue ágil."
Juan,Perez,3967265808,Todo estuvo bien durante mi visita.
Ricardo,Navarro,3510199277,La experiencia fue satisfactoria en general.
Paula,Diaz,3756878581,Me sentí bien atendido durante todo el proceso.
Juliana,Mejia,3827554187,El tiempo de respuesta fue adecuado.
Andres,Torres,3933210723,Me sentí bien atendido durante todo el proceso.
Tatiana,León,3387297238,El proceso fue sencillo y fácil de entender.
Sofia,Ramirez,3183490272,El tiempo de respuesta fue adecuado.
Camilo,Moreno,3919874324,La atención fue buena y el proceso fue rápido.
Juan,Perez,3450473230,El personal fue amable y resolvió mis dudas.
Ricardo,Navarro,3233610441,Todo estuvo bien durante mi visita.
Jorge,Mendoza,3503133946,Me sentí bien atendido durante todo el proceso.
Carolina,Salazar,3320326168,El proceso fue sencillo y fácil de entender.
Daniela,Cortes,3224962695,El personal fue amable y resolvió mis dudas.
Carlos,Ruiz,3445432573,La información brindada fue suficiente.
Camilo,Moreno,3118712865,El tiempo de respuesta fue adecuado.
Luis,Martinez,3622071594,La atención fue buena y el proceso fue rápido.
Maria,Gomez,3409397578,El proceso fue sencillo y fácil de entender.
Sebastian,Suarez,3563733161,La información brindada fue suficiente.
Juliana,Mejia,3899097028,Todo estuvo bien durante mi visita.
Jorge,Mendoza,3562974580,"No tuve inconvenientes, todo fue ágil."
Sebastian,Suarez,3133882017,El proceso fue sencillo y fácil de entender.
Juliana,Mejia,3517192371,El personal fue amable y resolvió mis dudas.
Felipe,Rico,3843922357,Me sentí bien atendido durante todo el proceso.
Juan,Perez,3276347508,El servicio fue claro y eficiente.
Camilo,Moreno,3876535680,La atención fue buena y el proceso fue rápido.
Lucia,Pineda,3910357676,"No tuve inconvenientes, todo fue ágil."
Andres,Torres,3544758629,Buena experiencia en general.
Ricardo,Navarro,3425060452,Me sentí bien atendido durante todo el proceso.
Luis,Martinez,3906656810,La experiencia fue satisfactoria en general.
Maria,Gomez,3304511553,"No tuve inconvenientes, todo fue ágil."
Juliana,Mejia,3760136051,La información brindada fue suficiente.
Maria,Gomez,3975335658,El servicio fue claro y eficiente.
Oscar,Fuentes,3244499776,"No tuve inconvenientes, todo fue ágil."
Felipe,Rico,3364062288,La experiencia fue satisfactoria en general.
Natalia,Ortega,3299719649,El personal fue amable y resolvió mis dudas.
Andres,Torres,3951133213,La información brindada fue suficiente.
Felipe,Rico,3924306867,El servicio fue claro y eficiente.
Lucia,Pineda,3301054775,La atención fue buena y el proceso fue rápido.
Felipe,Rico,3897640167,La información brindada fue suficiente.
Ana,Lopez,3254737658,El proceso fue sencillo y fácil de entender.
Felipe,Rico,3477167879,La experiencia fue satisfactoria en general.
Natalia,Ortega,3146644868,La atención cumplió con mis expectativas.
Juan,Perez,3106367309,"No tuve inconvenientes, todo fue ágil."
Sofia,Ramirez,3297774165,La atención cumplió con mis expectativas.
Camilo,Moreno,3331378335,El proceso fue sencillo y fácil de entender.
